team name,team payroll,Wins,Losses,wpct,mlb rk,year,Payroll Rank,Payroll Efficiency,Wins above league average,Payroll above league average
Baltimore Orioles,70408134,79,83,0.488,16,1998,1,-15,-2,30057056.23
New York Yankees,63159898,114,48,0.704,1,1998,2,1,33,22808820.23
Atlanta Braves,59536000,106,56,0.654,2,1998,3,1,25,19184922.23
Cleveland Guardians,59033499,89,73,0.549,7,1998,4,-3,8,18682421.23
Texas Rangers,54704595,88,74,0.543,9,1998,5,-4,7,14353517.23
St. Louis Cardinals,52572500,83,79,0.512,14,1998,6,-8,2,12221422.23
Seattle Mariners,52032291,76,85,0.472,19,1998,7,-12,-5,11681213.23
Boston Red Sox,51647000,92,70,0.568,5,1998,8,3,11,11295922.23
New York Mets,49559665,88,74,0.543,11,1998,9,-2,7,9208587.233
Chicago Cubs,49383000,90,73,0.552,6,1998,10,4,9,9031922.233
Toronto Blue Jays,48415000,88,74,0.543,10,1998,11,1,7,8063922.233
Los Angeles Dodgers,47970000,83,79,0.512,13,1998,12,-1,2,7618922.233
Colorado Rockies,47433333,77,85,0.475,17,1998,13,-4,-4,7082255.233
San Diego Padres,45368000,98,64,0.605,4,1998,14,10,17,5016922.233
Houston Astros,40629000,102,60,0.63,3,1998,15,12,21,277922.2333
San Francisco Giants,40320835,89,74,0.546,8,1998,16,8,8,-30242.76667
Los Angeles Angels,38537000,85,77,0.525,12,1998,17,5,4,-1814077.767
Chicago White Sox,36840000,80,82,0.494,15,1998,18,3,-1,-3511077.767
Philadelphia Phillies,36085000,75,87,0.463,20,1998,19,-1,-6,-4266077.767
Miami Marlins,33434000,54,108,0.333,30,1998,20,-10,-27,-6917077.767
Kansas City Royals,32912500,72,89,0.447,23,1998,21,-2,-9,-7438577.767
Milwaukee Brewers,32252583,74,88,0.457,21,1998,22,1,-7,-8098494.767
Arizona Diamondbacks,29161500,65,97,0.401,26,1998,23,-3,-16,-11189577.77
Minnesota Twins,26182500,70,92,0.432,24,1998,24,0,-11,-14168577.77
Tampa Bay Rays,25317500,63,99,0.389,29,1998,25,-4,-18,-15033577.77
Detroit Tigers,22625000,65,97,0.401,27,1998,26,-1,-16,-17726077.77
Cincinnati Reds,21995000,77,85,0.475,18,1998,27,9,-4,-18356077.77
Oakland Athletics,20063000,74,88,0.457,22,1998,28,6,-7,-20288077.77
Pittsburgh Pirates,13752000,69,93,0.426,25,1998,29,4,-12,-26599077.77
Washington Nationals,9202000,65,97,0.401,28,1998,30,2,-16,-31149077.77
New York Yankees,88130709,98,64,0.605,3,1999,1,-2,17.1,39960061.23
Texas Rangers,81301598,95,67,0.586,8,1999,2,-6,14.1,33130950.23
Atlanta Braves,75065000,103,59,0.636,1,1999,3,2,22.1,26894352.23
Cleveland Guardians,73853962,97,65,0.599,4,1999,4,0,16.1,25683314.23
Boston Red Sox,71720000,94,68,0.58,9,1999,5,-4,13.1,23549352.23
New York Mets,71331425,97,66,0.595,6,1999,6,0,16.1,23160777.23
Los Angeles Dodgers,71135786,77,85,0.475,16,1999,7,-9,-3.9,22965138.23
Baltimore Orioles,70818363,78,84,0.481,15,1999,8,-7,-2.9,22647715.23
Arizona Diamondbacks,70370999,100,62,0.617,2,1999,9,7,19.1,22200351.23
Chicago Cubs,55368500,67,95,0.414,27,1999,10,-17,-13.9,7197852.233
Houston Astros,55289000,97,65,0.599,5,1999,11,6,16.1,7118352.233
Colorado Rockies,54392504,72,90,0.444,22,1999,12,-10,-8.9,6221856.233
Los Angeles Angels,49893166,70,92,0.432,23,1999,13,-10,-10.9,1722518.233
Toronto Blue Jays,48165333,84,78,0.519,12,1999,14,2,3.1,-5314.766667
St. Louis Cardinals,46248195,75,86,0.466,18,1999,15,-3,-5.9,-1922452.767
San Francisco Giants,46059557,86,76,0.531,11,1999,16,5,5.1,-2111090.767
San Diego Padres,45932179,74,88,0.457,21,1999,17,-4,-6.9,-2238468.767
Seattle Mariners,44371336,79,83,0.488,13,1999,18,5,-1.9,-3799311.767
Milwaukee Brewers,42927395,74,87,0.46,20,1999,19,-1,-6.9,-5243252.767
Cincinnati Reds,42142761,96,67,0.589,7,1999,20,13,15.1,-6027886.767
Tampa Bay Rays,37812500,69,93,0.426,25,1999,21,-4,-11.9,-10358147.77
Detroit Tigers,34959666,69,92,0.429,24,1999,22,-2,-11.9,-13210981.77
Philadelphia Phillies,30516500,77,85,0.475,17,1999,23,6,-3.9,-17654147.77
Chicago White Sox,24550000,75,86,0.466,19,1999,24,5,-5.9,-23620647.77
Pittsburgh Pirates,24217666,78,83,0.484,14,1999,25,11,-2.9,-23952981.77
Oakland Athletics,24150333,87,75,0.537,10,1999,26,16,6.1,-24020314.77
Kansas City Royals,16527000,64,97,0.398,28,1999,27,-1,-16.9,-31643647.77
Washington Nationals,16363000,68,94,0.42,26,1999,28,2,-12.9,-31807647.77
Minnesota Twins,16355000,63,97,0.394,30,1999,29,-1,-17.9,-31815647.77
Miami Marlins,15150000,64,98,0.395,29,1999,30,1,-16.9,-33020647.77
New York Yankees,92938260,87,74,0.54,9,2000,1,-8,6.066666667,36729200.17
Los Angeles Dodgers,90725953,86,76,0.531,10,2000,2,-8,5.066666667,34516893.17
Baltimore Orioles,83141198,74,88,0.457,21,2000,3,-18,-6.933333333,26932138.17
Atlanta Braves,82732500,95,67,0.586,2,2000,4,2,14.06666667,26523440.17
Boston Red Sox,81210333,85,77,0.525,11,2000,5,-6,4.066666667,25001273.17
New York Mets,79759762,94,68,0.58,5,2000,6,1,13.06666667,23550702.17
Arizona Diamondbacks,77880333,85,77,0.525,12,2000,7,-5,4.066666667,21671273.17
Cleveland Guardians,76508334,90,72,0.556,8,2000,8,0,9.066666667,20299274.17
Texas Rangers,70785000,71,91,0.438,24,2000,9,-15,-9.933333333,14575940.17
Tampa Bay Rays,64407910,69,92,0.429,25,2000,10,-15,-11.93333333,8198850.167
Colorado Rockies,64130857,82,80,0.506,15,2000,11,-4,1.066666667,7921797.167
St. Louis Cardinals,63993023,95,67,0.586,4,2000,12,8,14.06666667,7783963.167
Chicago Cubs,62129333,65,97,0.401,30,2000,13,-17,-15.93333333,5920273.167
Detroit Tigers,61740167,79,83,0.488,18,2000,14,-4,-1.933333333,5531107.167
Seattle Mariners,59215000,91,71,0.562,7,2000,15,8,10.06666667,3005940.167
Los Angeles Angels,55766667,82,80,0.506,16,2000,16,0,1.066666667,-442392.8333
San Diego Padres,54971000,76,86,0.469,20,2000,17,-3,-4.933333333,-1238059.833
San Francisco Giants,53541000,97,65,0.599,1,2000,18,17,16.06666667,-2668059.833
Houston Astros,52356667,72,90,0.444,23,2000,19,-4,-8.933333333,-3852392.833
Philadelphia Phillies,46947667,65,97,0.401,29,2000,20,-9,-15.93333333,-9261392.833
Toronto Blue Jays,46363332,83,79,0.512,14,2000,21,7,2.066666667,-9845727.833
Cincinnati Reds,44217500,85,77,0.525,13,2000,22,9,4.066666667,-11991559.83
Milwaukee Brewers,35782833,73,89,0.451,22,2000,23,1,-7.933333333,-20426226.83
Washington Nationals,33527666,67,95,0.414,28,2000,24,-4,-13.93333333,-22681393.83
Oakland Athletics,32121833,91,70,0.565,6,2000,25,19,10.06666667,-24087226.83
Chicago White Sox,31159000,95,67,0.586,3,2000,26,23,14.06666667,-25050059.83
Pittsburgh Pirates,29561667,69,93,0.426,26,2000,27,1,-11.93333333,-26647392.83
Kansas City Royals,23132500,77,85,0.475,19,2000,28,9,-3.933333333,-33076559.83
Miami Marlins,19870000,79,82,0.491,17,2000,29,12,-1.933333333,-36339059.83
Minnesota Twins,15654500,69,93,0.426,27,2000,30,3,-11.93333333,-40554559.83
New York Yankees,112287143,95,65,0.594,3,2001,1,-2,14.06666667,46859082.53
Boston Red Sox,109675833,82,79,0.509,15,2001,2,-13,1.066666667,44247772.53
Los Angeles Dodgers,109105953,86,76,0.531,12,2001,3,-9,5.066666667,43677892.53
New York Mets,93674428,82,80,0.506,16,2001,4,-12,1.066666667,28246367.53
Cleveland Guardians,92660001,91,71,0.562,7,2001,5,-2,10.06666667,27231940.53
Atlanta Braves,91936166,88,74,0.543,9,2001,6,-3,7.066666667,26508105.53
Texas Rangers,88633500,73,89,0.451,21,2001,7,-14,-7.933333333,23205439.53
Arizona Diamondbacks,85247999,92,70,0.568,6,2001,8,2,11.06666667,19819938.53
St. Louis Cardinals,78333333,93,69,0.574,4,2001,9,5,12.06666667,12905272.53
Toronto Blue Jays,76895999,80,82,0.494,17,2001,10,-7,-0.933333333,11467938.53
Seattle Mariners,74720834,116,46,0.716,1,2001,11,10,35.06666667,9292773.533
Baltimore Orioles,74279540,63,98,0.391,28,2001,12,-16,-17.93333333,8851479.533
Colorado Rockies,71541334,73,89,0.451,22,2001,13,-9,-7.933333333,6113273.533
Chicago White Sox,65628667,83,79,0.512,14,2001,14,0,2.066666667,200606.5333
Chicago Cubs,64515833,88,74,0.543,10,2001,15,5,7.066666667,-912227.4667
San Francisco Giants,63280167,90,72,0.556,8,2001,16,8,9.066666667,-2147893.467
Houston Astros,60387667,93,69,0.574,5,2001,17,12,12.06666667,-5040393.467
Pittsburgh Pirates,57760833,62,100,0.383,30,2001,18,-12,-18.93333333,-7667227.467
Tampa Bay Rays,56980000,62,100,0.383,29,2001,19,-10,-18.93333333,-8448060.467
Detroit Tigers,49356167,66,96,0.407,25,2001,20,-5,-14.93333333,-16071893.47
Cincinnati Reds,48784000,66,96,0.407,26,2001,21,-5,-14.93333333,-16644060.47
Los Angeles Angels,47735168,75,87,0.463,20,2001,22,2,-5.933333333,-17692892.47
Milwaukee Brewers,45099333,68,94,0.42,24,2001,23,-1,-12.93333333,-20328727.47
Philadelphia Phillies,41663833,86,76,0.531,11,2001,24,13,5.066666667,-23764227.47
San Diego Padres,38882833,79,83,0.488,18,2001,25,7,-1.933333333,-26545227.47
Miami Marlins,35562500,76,86,0.469,19,2001,26,7,-4.933333333,-29865560.47
Kansas City Royals,35422500,65,97,0.401,27,2001,27,0,-15.93333333,-30005560.47
Washington Nationals,34849500,68,94,0.42,23,2001,28,5,-12.93333333,-30578560.47
Oakland Athletics,33810750,102,60,0.63,2,2001,29,27,21.06666667,-31617310.47
Minnesota Twins,24130000,85,77,0.525,13,2001,30,17,4.066666667,-41298060.47
New York Yankees,125928583,103,58,0.64,1,2002,1,0,22.16666667,58439232.27
Boston Red Sox,108366060,93,69,0.574,9,2002,2,-7,12.16666667,40876709.27
Texas Rangers,105726122,72,90,0.444,23,2002,3,-20,-8.833333333,38236771.27
Arizona Diamondbacks,102819999,98,64,0.605,5,2002,4,-1,17.16666667,35330648.27
Los Angeles Dodgers,94850953,92,70,0.568,11,2002,5,-6,11.16666667,27361602.27
New York Mets,94633593,75,86,0.466,19,2002,6,-13,-5.833333333,27144242.27
Atlanta Braves,93470367,101,59,0.631,3,2002,7,4,20.16666667,25981016.27
Seattle Mariners,80282668,93,69,0.574,10,2002,8,-2,12.16666667,12793317.27
Cleveland Guardians,78909449,74,88,0.457,20,2002,9,-11,-6.833333333,11420098.27
San Francisco Giants,78299835,95,66,0.59,7,2002,10,3,14.16666667,10810484.27
Toronto Blue Jays,76864333,78,84,0.481,17,2002,11,-6,-2.833333333,9374982.267
Chicago Cubs,75690833,67,95,0.414,24,2002,12,-12,-13.83333333,8201482.267
St. Louis Cardinals,74660875,97,65,0.599,6,2002,13,7,16.16666667,7171524.267
Houston Astros,63448417,84,78,0.519,12,2002,14,2,3.166666667,-4040933.733
Los Angeles Angels,61721667,99,63,0.611,4,2002,15,11,18.16666667,-5767683.733
Baltimore Orioles,60493487,67,95,0.414,25,2002,16,-9,-13.83333333,-6995863.733
Philadelphia Phillies,57957999,80,81,0.497,15,2002,17,2,-0.833333333,-9531351.733
Chicago White Sox,57052833,81,81,0.5,14,2002,18,4,0.166666667,-10436517.73
Colorado Rockies,56851043,73,89,0.451,21,2002,19,-2,-7.833333333,-10638307.73
Detroit Tigers,55048000,55,106,0.342,29,2002,20,-9,-25.83333333,-12441350.73
Milwaukee Brewers,50287833,56,106,0.346,28,2002,21,-7,-24.83333333,-17201517.73
Kansas City Royals,47257000,62,100,0.383,27,2002,22,-5,-18.83333333,-20232350.73
Cincinnati Reds,45050390,78,84,0.481,18,2002,23,5,-2.833333333,-22438960.73
Pittsburgh Pirates,42323599,72,89,0.447,22,2002,24,2,-8.833333333,-25165751.73
Miami Marlins,41979917,79,83,0.488,16,2002,25,9,-1.833333333,-25509433.73
San Diego Padres,41425000,66,96,0.407,26,2002,26,0,-14.83333333,-26064350.73
Minnesota Twins,40225000,94,67,0.584,8,2002,27,19,13.16666667,-27264350.73
Oakland Athletics,40004167,103,59,0.636,2,2002,28,26,22.16666667,-27485183.73
Washington Nationals,38670500,83,79,0.512,13,2002,29,16,2.166666667,-28818850.73
Tampa Bay Rays,34380000,55,106,0.342,30,2002,30,0,-25.83333333,-33109350.73
New York Yankees,152749814,101,61,0.623,2,2003,1,-1,20.03333333,81821031.97
New York Mets,117176429,66,95,0.41,27,2003,2,-25,-14.96666667,46247646.97
Atlanta Braves,106243667,101,61,0.623,1,2003,3,2,20.03333333,35314884.97
Los Angeles Dodgers,105872620,85,77,0.525,15,2003,4,-11,4.033333333,34943837.97
Texas Rangers,103491667,71,91,0.438,22,2003,5,-17,-9.966666667,32562884.97
Boston Red Sox,99946500,95,67,0.586,5,2003,6,1,14.03333333,29017717.97
Seattle Mariners,86959167,93,69,0.574,6,2003,7,1,12.03333333,16030384.97
St. Louis Cardinals,83486666,85,77,0.525,14,2003,8,-6,4.033333333,12557883.97
San Francisco Giants,82852167,100,61,0.621,3,2003,9,6,19.03333333,11923384.97
Arizona Diamondbacks,80640333,84,78,0.519,16,2003,10,-6,3.033333333,9711550.967
Chicago Cubs,79868333,88,74,0.543,9,2003,11,2,7.033333333,8939550.967
Los Angeles Angels,79031667,77,85,0.475,19,2003,12,-7,-3.966666667,8102884.967
Baltimore Orioles,73877500,71,91,0.438,23,2003,13,-10,-9.966666667,2948717.967
Houston Astros,71040000,87,75,0.537,10,2003,14,4,6.033333333,111217.9667
Philadelphia Phillies,70780000,86,76,0.531,13,2003,15,2,5.033333333,-148782.0333
Colorado Rockies,67179667,74,88,0.457,21,2003,16,-5,-6.966666667,-3749115.033
Cincinnati Reds,59355667,69,93,0.426,24,2003,17,-7,-11.96666667,-11573115.03
Minnesota Twins,55505000,90,72,0.556,8,2003,18,10,9.033333333,-15423782.03
Pittsburgh Pirates,54812429,75,87,0.463,20,2003,19,-1,-5.966666667,-16116353.03
Washington Nationals,51948500,83,79,0.512,18,2003,20,2,2.033333333,-18980282.03
Toronto Blue Jays,51269000,86,76,0.531,12,2003,21,9,5.033333333,-19659782.03
Chicago White Sox,51010000,86,76,0.531,11,2003,22,11,5.033333333,-19918782.03
Oakland Athletics,50260834,96,66,0.593,4,2003,23,19,15.03333333,-20667948.03
Detroit Tigers,49168000,43,119,0.265,30,2003,24,-6,-37.96666667,-21760782.03
Miami Marlins,49050000,91,71,0.562,7,2003,25,18,10.03333333,-21878782.03
San Diego Padres,47928000,64,98,0.395,28,2003,26,-2,-16.96666667,-23000782.03
Cleveland Guardians,45584834,68,94,0.42,26,2003,27,1,-12.96666667,-25343948.03
Milwaukee Brewers,40627000,68,94,0.42,25,2003,28,3,-12.96666667,-30301782.03
Kansas City Royals,40518000,83,79,0.512,17,2003,29,12,2.033333333,-30410782.03
Tampa Bay Rays,19630000,63,99,0.389,29,2003,30,1,-17.96666667,-51298782.03
New York Yankees,184193950,101,61,0.623,2,2004,1,-1,20.06666667,115151751.9
Boston Red Sox,127298500,98,64,0.605,3,2004,2,-1,17.06666667,58256301.9
Los Angeles Angels,100534667,92,70,0.568,6,2004,3,-3,11.06666667,31492468.9
New York Mets,96660970,71,91,0.438,22,2004,4,-18,-9.933333333,27618771.9
Philadelphia Phillies,93219167,86,76,0.531,14,2004,5,-9,5.066666667,24176968.9
Los Angeles Dodgers,92902001,93,69,0.574,5,2004,6,1,12.06666667,23859802.9
Chicago Cubs,90560000,89,73,0.549,11,2004,7,-4,8.066666667,21517801.9
Atlanta Braves,90182500,96,66,0.593,4,2004,8,4,15.06666667,21140301.9
St. Louis Cardinals,83228333,105,57,0.648,1,2004,9,8,24.06666667,14186134.9
San Francisco Giants,82019166,91,71,0.562,10,2004,10,0,10.06666667,12976967.9
Seattle Mariners,81515834,63,99,0.389,28,2004,11,-17,-17.93333333,12473635.9
Houston Astros,75397000,92,70,0.568,7,2004,12,5,11.06666667,6354801.9
Arizona Diamondbacks,69780750,51,111,0.315,30,2004,13,-17,-29.93333333,738551.9
Colorado Rockies,65445167,68,94,0.42,24,2004,14,-10,-12.93333333,-3597031.1
Chicago White Sox,65212500,83,79,0.512,15,2004,15,0,2.066666667,-3829698.1
Oakland Athletics,59425667,91,71,0.562,9,2004,16,7,10.06666667,-9616531.1
San Diego Padres,55384833,87,75,0.537,13,2004,17,4,6.066666667,-13657365.1
Texas Rangers,55050417,89,73,0.549,12,2004,18,6,8.066666667,-13991781.1
Minnesota Twins,53585000,92,70,0.568,8,2004,19,11,11.06666667,-15457198.1
Baltimore Orioles,51623333,78,84,0.481,18,2004,20,2,-2.933333333,-17418865.1
Toronto Blue Jays,50017000,67,94,0.416,25,2004,21,-4,-13.93333333,-19025198.1
Kansas City Royals,47609000,58,104,0.358,29,2004,22,-7,-22.93333333,-21433198.1
Detroit Tigers,46832000,72,90,0.444,21,2004,23,2,-8.933333333,-22210198.1
Cincinnati Reds,46615250,76,86,0.469,19,2004,24,5,-4.933333333,-22426948.1
Miami Marlins,42143042,83,79,0.512,16,2004,25,9,2.066666667,-26899156.1
Washington Nationals,41197500,67,95,0.414,27,2004,26,-1,-13.93333333,-27844698.1
Cleveland Guardians,34319300,80,82,0.494,17,2004,27,10,-0.933333333,-34722898.1
Pittsburgh Pirates,32227929,72,89,0.447,20,2004,28,8,-8.933333333,-36814269.1
Tampa Bay Rays,29556667,70,91,0.435,23,2004,29,6,-10.93333333,-39485531.1
Milwaukee Brewers,27528500,67,94,0.416,26,2004,30,4,-13.93333333,-41513698.1
New York Yankees,208306817,95,67,0.586,5,2005,1,-4,14,135243920.4
Boston Red Sox,123505125,95,67,0.586,4,2005,2,-2,14,50442228.4
New York Mets,101305821,83,79,0.512,13,2005,3,-10,2,28242924.4
Los Angeles Angels,97725322,95,67,0.586,3,2005,4,1,14,24662425.4
Philadelphia Phillies,95522000,88,74,0.543,9,2005,5,-4,7,22459103.4
St. Louis Cardinals,92106833,100,62,0.617,1,2005,6,5,19,19043936.4
San Francisco Giants,90199500,75,87,0.463,21,2005,7,-14,-6,17136603.4
Seattle Mariners,87754334,69,93,0.426,26,2005,8,-18,-12,14691437.4
Chicago Cubs,87032933,79,83,0.488,19,2005,9,-10,-2,13970036.4
Atlanta Braves,86457302,90,72,0.556,7,2005,10,3,9,13394405.4
Los Angeles Dodgers,83039000,71,91,0.438,25,2005,11,-14,-10,9976103.4
Houston Astros,76779000,89,73,0.549,8,2005,12,4,8,3716103.4
Chicago White Sox,75178000,99,63,0.611,2,2005,13,11,18,2115103.4
Baltimore Orioles,73914333,74,88,0.457,22,2005,14,-8,-7,851436.4
Detroit Tigers,69092000,71,91,0.438,24,2005,15,-9,-10,-3970896.6
San Diego Padres,63290833,82,80,0.506,14,2005,16,2,1,-9772063.6
Arizona Diamondbacks,62329166,77,85,0.475,20,2005,17,-3,-4,-10733730.6
Cincinnati Reds,61892583,73,89,0.451,23,2005,18,-5,-8,-11170313.6
Miami Marlins,60408834,83,79,0.512,11,2005,19,8,2,-12654062.6
Minnesota Twins,56186000,83,79,0.512,12,2005,20,8,2,-16876896.6
Texas Rangers,55849000,79,83,0.488,18,2005,21,3,-2,-17213896.6
Oakland Athletics,55425762,88,74,0.543,10,2005,22,12,7,-17637134.6
Washington Nationals,48581500,81,81,0.5,15,2005,23,8,0,-24481396.6
Colorado Rockies,48155000,67,95,0.414,27,2005,24,-3,-14,-24907896.6
Toronto Blue Jays,45719500,80,82,0.494,17,2005,25,8,-1,-27343396.6
Cleveland Guardians,41502500,93,69,0.574,6,2005,26,20,12,-31560396.6
Milwaukee Brewers,39934833,81,81,0.5,16,2005,27,11,0,-33128063.6
Pittsburgh Pirates,38133000,67,95,0.414,28,2005,28,0,-14,-34929896.6
Kansas City Royals,36881000,56,106,0.346,30,2005,29,-1,-25,-36181896.6
Tampa Bay Rays,29679067,67,95,0.414,29,2005,30,1,-14,-43383829.6
New York Yankees,194663079,97,65,0.599,1,2006,1,0,16.03333333,117106189.5
Boston Red Sox,120099824,86,76,0.531,11,2006,2,-9,5.033333333,42542934.5
Los Angeles Angels,103472000,89,73,0.549,7,2006,3,-4,8.033333333,25915110.5
Chicago White Sox,102750667,90,72,0.556,6,2006,4,-2,9.033333333,25193777.5
New York Mets,101084963,97,65,0.599,2,2006,5,3,16.03333333,23528073.5
Los Angeles Dodgers,98447187,88,74,0.543,8,2006,6,-2,7.033333333,20890297.5
Chicago Cubs,94424499,66,96,0.407,28,2006,7,-21,-14.96666667,16867609.5
Houston Astros,92551503,82,80,0.506,14,2006,8,-6,1.033333333,14994613.5
Atlanta Braves,90156876,79,83,0.488,17,2006,9,-8,-1.966666667,12599986.5
San Francisco Giants,90056419,76,85,0.472,21,2006,10,-11,-4.966666667,12499529.5
St. Louis Cardinals,88891371,83,78,0.516,13,2006,11,-2,2.033333333,11334481.5
Philadelphia Phillies,88273333,85,77,0.525,12,2006,12,0,4.033333333,10716443.5
Seattle Mariners,87959833,78,84,0.481,18,2006,13,-5,-2.966666667,10402943.5
Detroit Tigers,82612866,95,67,0.586,4,2006,14,10,14.03333333,5055976.5
Baltimore Orioles,72585582,70,92,0.432,26,2006,15,-11,-10.96666667,-4971307.5
Toronto Blue Jays,71915000,87,75,0.537,10,2006,16,6,6.033333333,-5641889.5
San Diego Padres,69896141,88,74,0.543,9,2006,17,8,7.033333333,-7660748.5
Texas Rangers,68228662,80,82,0.494,16,2006,18,2,-0.966666667,-9328227.5
Minnesota Twins,63396006,96,66,0.593,3,2006,19,16,15.03333333,-14160883.5
Washington Nationals,63143000,71,91,0.438,25,2006,20,-5,-9.966666667,-14413889.5
Oakland Athletics,62243079,93,69,0.574,5,2006,21,16,12.03333333,-15313810.5
Cincinnati Reds,60909519,80,82,0.494,15,2006,22,7,-0.966666667,-16647370.5
Arizona Diamondbacks,59684226,76,86,0.469,23,2006,23,0,-4.966666667,-17872663.5
Milwaukee Brewers,57568333,75,87,0.463,24,2006,24,0,-5.966666667,-19988556.5
Cleveland Guardians,56031500,78,84,0.481,20,2006,25,5,-2.966666667,-21525389.5
Kansas City Royals,47294000,62,100,0.383,29,2006,26,-3,-18.96666667,-30262889.5
Pittsburgh Pirates,46717750,67,95,0.414,27,2006,27,0,-13.96666667,-30839139.5
Colorado Rockies,41233000,76,86,0.469,22,2006,28,6,-4.966666667,-36323889.5
Tampa Bay Rays,35417967,61,101,0.377,30,2006,29,-1,-19.96666667,-42138922.5
Miami Marlins,14998500,78,84,0.481,19,2006,30,11,-2.966666667,-62558389.5
New York Yankees,189259045,94,68,0.58,4,2007,1,-3,12.96666667,106702745.4
Boston Red Sox,143026214,96,66,0.593,1,2007,2,1,14.96666667,60469914.43
New York Mets,115231663,88,74,0.543,9,2007,3,-6,6.966666667,32675363.43
Los Angeles Angels,109251333,94,68,0.58,3,2007,4,1,12.96666667,26695033.43
Chicago White Sox,108671833,72,90,0.444,24,2007,5,-19,-9.033333333,26115533.43
Los Angeles Dodgers,108454524,82,80,0.506,16,2007,6,-10,0.966666667,25898224.43
Seattle Mariners,106460833,88,74,0.543,11,2007,7,-4,6.966666667,23904533.43
Chicago Cubs,99670332,85,77,0.525,12,2007,8,-4,3.966666667,17114032.43
Detroit Tigers,94800369,88,74,0.543,10,2007,9,-1,6.966666667,12244069.43
Baltimore Orioles,93174808,69,93,0.426,28,2007,10,-18,-12.03333333,10618508.43
St. Louis Cardinals,90286823,78,84,0.481,18,2007,11,-7,-3.033333333,7730523.433
San Francisco Giants,90219056,71,91,0.438,26,2007,12,-14,-10.03333333,7662756.433
Philadelphia Phillies,89428213,89,73,0.549,7,2007,13,6,7.966666667,6871913.433
Houston Astros,87759000,73,89,0.451,22,2007,14,-8,-8.033333333,5202700.433
Atlanta Braves,87290833,84,78,0.519,13,2007,15,2,2.966666667,4734533.433
Toronto Blue Jays,81942800,83,79,0.512,14,2007,16,2,1.966666667,-613499.5667
Oakland Athletics,79366940,76,86,0.469,19,2007,17,-2,-5.033333333,-3189359.567
Minnesota Twins,71439500,79,83,0.488,17,2007,18,1,-2.033333333,-11116799.57
Milwaukee Brewers,70986500,83,79,0.512,15,2007,19,4,1.966666667,-11569799.57
Cincinnati Reds,68524980,72,90,0.444,23,2007,20,-3,-9.033333333,-14031319.57
Texas Rangers,68318675,75,87,0.463,20,2007,21,1,-6.033333333,-14237624.57
Kansas City Royals,67116500,69,93,0.426,27,2007,22,-5,-12.03333333,-15439799.57
Cleveland Guardians,61673267,96,66,0.593,2,2007,23,21,14.96666667,-20883032.57
San Diego Padres,58110567,89,74,0.546,8,2007,24,16,7.966666667,-24445732.57
Colorado Rockies,54041000,90,73,0.552,6,2007,25,19,8.966666667,-28515299.57
Arizona Diamondbacks,52067546,90,72,0.556,5,2007,26,21,8.966666667,-30488753.57
Pittsburgh Pirates,38537833,68,94,0.42,29,2007,27,-2,-13.03333333,-44018466.57
Washington Nationals,36947500,73,89,0.451,21,2007,28,7,-8.033333333,-45608799.57
Miami Marlins,30507000,71,91,0.438,25,2007,29,4,-10.03333333,-52049299.57
Tampa Bay Rays,24123500,66,96,0.407,30,2007,30,0,-15.03333333,-58432799.57
New York Yankees,209081577,89,73,0.549,8,2008,1,-7,8.066666667,119533795.1
New York Mets,137793376,89,73,0.549,7,2008,2,-5,8.066666667,48245594.07
Detroit Tigers,137685196,74,88,0.457,23,2008,3,-20,-6.933333333,48137414.07
Boston Red Sox,133390035,95,67,0.586,4,2008,4,0,14.06666667,43842253.07
Chicago White Sox,121189332,89,74,0.546,9,2008,5,-4,8.066666667,31641550.07
Los Angeles Angels,119216333,100,62,0.617,1,2008,6,5,19.06666667,29668551.07
Los Angeles Dodgers,118588536,84,78,0.519,15,2008,7,-8,3.066666667,29040754.07
Chicago Cubs,118345833,97,64,0.602,2,2008,8,6,16.06666667,28798051.07
Seattle Mariners,117666482,61,101,0.377,29,2008,9,-20,-19.93333333,28118700.07
Atlanta Braves,102365683,72,90,0.444,25,2008,10,-15,-8.933333333,12817901.07
St. Louis Cardinals,99624449,86,76,0.531,12,2008,11,-1,5.066666667,10076667.07
Philadelphia Phillies,98269880,92,70,0.568,5,2008,12,7,11.06666667,8722098.067
Toronto Blue Jays,97793900,86,76,0.531,13,2008,13,0,5.066666667,8246118.067
Houston Astros,88930414,86,75,0.534,11,2008,14,3,5.066666667,-617367.9333
Milwaukee Brewers,80937499,90,72,0.556,6,2008,15,9,9.066666667,-8610282.933
Cleveland Guardians,78970066,81,81,0.5,17,2008,16,-1,0.066666667,-10577715.93
San Francisco Giants,76594500,72,90,0.444,24,2008,17,-7,-8.933333333,-12953281.93
Cincinnati Reds,74117695,74,88,0.457,21,2008,18,-3,-6.933333333,-15430086.93
San Diego Padres,73677616,63,99,0.389,28,2008,19,-9,-17.93333333,-15870165.93
Colorado Rockies,68655500,74,88,0.457,22,2008,20,-2,-6.933333333,-20892281.93
Texas Rangers,67712326,79,83,0.488,18,2008,21,3,-1.933333333,-21835455.93
Baltimore Orioles,67196246,68,93,0.422,26,2008,22,-4,-12.93333333,-22351535.93
Arizona Diamondbacks,66202712,82,80,0.506,16,2008,23,7,1.066666667,-23345069.93
Kansas City Royals,58245500,75,87,0.463,20,2008,24,4,-5.933333333,-31302281.93
Minnesota Twins,56932766,88,75,0.54,10,2008,25,15,7.066666667,-32615015.93
Washington Nationals,54961000,59,102,0.366,30,2008,26,-4,-21.93333333,-34586781.93
Pittsburgh Pirates,48689783,67,95,0.414,27,2008,27,0,-13.93333333,-40857998.93
Oakland Athletics,47967126,75,86,0.466,19,2008,28,9,-5.933333333,-41580655.93
Tampa Bay Rays,43820597,97,65,0.599,3,2008,29,26,16.06666667,-45727184.93
Miami Marlins,21811500,84,77,0.522,14,2008,30,16,3.066666667,-67736281.93
New York Yankees,201449189,103,59,0.636,1,2009,1,0,22,112936015.9
New York Mets,149373987,70,92,0.432,25,2009,2,-23,-11,60860813.87
Chicago Cubs,134809000,83,78,0.516,16,2009,3,-13,2,46295826.87
Boston Red Sox,121745999,95,67,0.586,3,2009,4,1,14,33232825.87
Detroit Tigers,115085145,86,77,0.528,13,2009,5,-8,5,26571971.87
Los Angeles Angels,113709000,97,65,0.599,2,2009,6,4,16,25195826.87
Philadelphia Phillies,113004046,93,69,0.574,5,2009,7,2,12,24490872.87
Houston Astros,102996414,74,88,0.457,23,2009,8,-15,-7,14483240.87
Los Angeles Dodgers,100414592,95,67,0.586,4,2009,9,5,14,11901418.87
Seattle Mariners,98904166,85,77,0.525,14,2009,10,-4,4,10390992.87
Atlanta Braves,96726166,86,76,0.531,12,2009,11,-1,5,8212992.867
Chicago White Sox,96068500,79,83,0.488,18,2009,12,-6,-2,7555326.867
San Francisco Giants,82616450,88,74,0.543,8,2009,13,5,7,-5896723.133
Cleveland Guardians,81579166,65,97,0.401,27,2009,14,-13,-16,-6934007.133
Toronto Blue Jays,80538300,75,87,0.463,22,2009,15,-7,-6,-7974873.133
Milwaukee Brewers,80182502,80,82,0.494,17,2009,16,-1,-1,-8330671.133
St. Louis Cardinals,77605109,91,71,0.562,7,2009,17,10,10,-10908064.13
Colorado Rockies,75201000,92,70,0.568,6,2009,18,12,11,-13312173.13
Cincinnati Reds,73558500,78,84,0.481,19,2009,19,0,-3,-14954673.13
Arizona Diamondbacks,73516666,70,92,0.432,24,2009,20,-4,-11,-14996507.13
Kansas City Royals,70519333,65,97,0.401,26,2009,21,-5,-16,-17993840.13
Texas Rangers,68178798,87,75,0.537,9,2009,22,13,6,-20334375.13
Baltimore Orioles,67101666,64,98,0.395,28,2009,23,-5,-17,-21411507.13
Minnesota Twins,65299266,87,76,0.534,11,2009,24,13,6,-23213907.13
Tampa Bay Rays,63313034,84,78,0.519,15,2009,25,10,3,-25200139.13
Oakland Athletics,62310000,75,87,0.463,21,2009,26,5,-6,-26203173.13
Washington Nationals,60328000,59,103,0.364,30,2009,27,-3,-22,-28185173.13
Pittsburgh Pirates,48693000,62,99,0.385,29,2009,28,-1,-19,-39820173.13
San Diego Padres,43734200,75,87,0.463,20,2009,29,9,-6,-44778973.13
Miami Marlins,36834000,87,75,0.537,10,2009,30,20,6,-51679173.13
New York Yankees,206333389,95,67,0.586,3,2010,1,-2,14,115313332.8
Boston Red Sox,162747333,89,73,0.549,10,2010,2,-8,8,71727276.83
Chicago Cubs,146859000,75,87,0.463,23,2010,3,-20,-6,55838943.83
Philadelphia Phillies,141927381,97,65,0.599,1,2010,4,3,16,50907324.83
New York Mets,132701445,79,83,0.488,20,2010,5,-15,-2,41681388.83
Detroit Tigers,122864929,81,81,0.5,16,2010,6,-10,0,31844872.83
Chicago White Sox,108273197,88,74,0.543,11,2010,7,-4,7,17253140.83
Los Angeles Angels,105013667,80,82,0.494,17,2010,8,-9,-1,13993610.83
Seattle Mariners,98376667,61,101,0.377,29,2010,9,-20,-20,7356610.833
San Francisco Giants,97828833,92,70,0.568,5,2010,10,5,11,6808776.833
Minnesota Twins,97559167,94,68,0.58,4,2010,11,7,13,6539110.833
Los Angeles Dodgers,94945517,80,82,0.494,19,2010,12,-7,-1,3925460.833
St. Louis Cardinals,93540753,86,76,0.531,12,2010,13,1,5,2520696.833
Houston Astros,92355500,76,86,0.469,22,2010,14,-8,-5,1335443.833
Atlanta Braves,84423667,91,71,0.562,6,2010,15,9,10,-6596389.167
Colorado Rockies,84227000,83,79,0.512,14,2010,16,2,2,-6793056.167
Baltimore Orioles,81612500,66,96,0.407,27,2010,17,-10,-15,-9407556.167
Milwaukee Brewers,81108279,77,85,0.475,21,2010,18,-3,-4,-9911777.167
Cincinnati Reds,72386544,91,71,0.562,7,2010,19,12,10,-18633512.17
Kansas City Royals,72267710,67,95,0.414,26,2010,20,-6,-14,-18752346.17
Tampa Bay Rays,71923471,96,66,0.593,2,2010,21,19,15,-19096585.17
Toronto Blue Jays,62689357,85,77,0.525,13,2010,22,9,4,-28330699.17
Washington Nationals,61425000,69,93,0.426,24,2010,23,-1,-12,-29595056.17
Cleveland Guardians,61203967,69,93,0.426,25,2010,24,-1,-12,-29816089.17
Arizona Diamondbacks,60718167,65,97,0.401,28,2010,25,-3,-16,-30301889.17
Miami Marlins,55641500,80,82,0.494,18,2010,26,8,-1,-35378556.17
Texas Rangers,55250545,90,72,0.556,9,2010,27,18,9,-35769511.17
Oakland Athletics,51654900,81,81,0.5,15,2010,28,13,0,-39365156.17
San Diego Padres,37799300,90,72,0.556,8,2010,29,21,9,-53220756.17
Pittsburgh Pirates,34943000,57,105,0.352,30,2010,30,0,-24,-56077056.17
New York Yankees,202689028,97,65,0.599,2,2011,1,-1,16.03333333,109816985
Philadelphia Phillies,172976379,102,60,0.63,1,2011,2,1,21.03333333,80104335.97
Boston Red Sox,161762475,90,72,0.556,9,2011,3,-6,9.033333333,68890431.97
Los Angeles Angels,138543166,86,76,0.531,12,2011,4,-8,5.033333333,45671122.97
Chicago White Sox,127789000,79,83,0.488,18,2011,5,-13,-1.966666667,34916956.97
Chicago Cubs,125047329,71,91,0.438,26,2011,6,-20,-9.966666667,32175285.97
New York Mets,118847309,77,85,0.475,19,2011,7,-12,-3.966666667,25975265.97
San Francisco Giants,118198333,86,76,0.531,11,2011,8,-3,5.033333333,25326289.97
Minnesota Twins,112737000,63,99,0.389,29,2011,9,-20,-17.96666667,19864956.97
Detroit Tigers,105700231,95,67,0.586,5,2011,10,5,14.03333333,12828187.97
St. Louis Cardinals,105433572,90,72,0.556,8,2011,11,3,9.033333333,12561528.97
Los Angeles Dodgers,104188999,82,79,0.509,13,2011,12,-1,1.033333333,11316955.97
Texas Rangers,92299264,96,66,0.593,4,2011,13,9,15.03333333,-572779.0333
Colorado Rockies,88148071,73,89,0.451,21,2011,14,-7,-7.966666667,-4723972.033
Atlanta Braves,87002692,89,73,0.549,10,2011,15,5,8.033333333,-5869351.033
Seattle Mariners,86524600,67,95,0.414,28,2011,16,-12,-13.96666667,-6347443.033
Milwaukee Brewers,85497333,96,66,0.593,3,2011,17,14,15.03333333,-7374710.033
Baltimore Orioles,85304038,69,93,0.426,27,2011,18,-9,-11.96666667,-7568005.033
Cincinnati Reds,75947134,79,83,0.488,17,2011,19,2,-1.966666667,-16924909.03
Houston Astros,70694000,56,106,0.346,30,2011,20,-10,-24.96666667,-22178043.03
Oakland Athletics,66536500,74,88,0.457,20,2011,21,1,-6.966666667,-26335543.03
Washington Nationals,63856928,80,81,0.497,15,2011,22,7,-0.966666667,-29015115.03
Toronto Blue Jays,62567800,81,81,0.5,14,2011,23,9,0.033333333,-30304243.03
Miami Marlins,56944000,72,90,0.444,22,2011,24,2,-8.966666667,-35928043.03
Arizona Diamondbacks,53639833,94,68,0.58,6,2011,25,19,13.03333333,-39232210.03
Cleveland Guardians,49190566,80,82,0.494,16,2011,26,10,-0.966666667,-43681477.03
San Diego Padres,45869140,71,91,0.438,25,2011,27,2,-9.966666667,-47002903.03
Pittsburgh Pirates,45047000,72,90,0.444,23,2011,28,5,-8.966666667,-47825043.03
Tampa Bay Rays,41053571,91,71,0.562,7,2011,29,22,10.03333333,-51818472.03
Kansas City Royals,36126000,71,91,0.438,24,2011,30,6,-9.966666667,-56746043.03
New York Yankees,197962289,95,67,0.586,3,2012,1,-2,14,99940382.6
Philadelphia Phillies,174538938,81,81,0.5,17,2012,2,-15,0,76517031.6
Boston Red Sox,173186617,69,93,0.426,25,2012,3,-22,-12,75164710.6
Los Angeles Angels,154485166,89,73,0.549,10,2012,4,-6,8,56463259.6
Detroit Tigers,132300000,88,74,0.543,11,2012,5,-6,7,34278093.6
Texas Rangers,120510974,93,69,0.574,7,2012,6,-1,12,22489067.6
Miami Marlins,118078000,69,93,0.426,24,2012,7,-17,-12,20056093.6
Seattle Mariners,117620683,75,87,0.463,20,2012,8,-12,-6,19598776.6
St. Louis Cardinals,110300862,88,74,0.543,12,2012,9,-3,7,12278955.6
Milwaukee Brewers,97653944,83,79,0.512,15,2012,10,-5,2,-367962.4
Chicago White Sox,96919500,85,77,0.525,14,2012,11,-3,4,-1102406.4
Los Angeles Dodgers,95143575,86,76,0.531,13,2012,12,-1,5,-2878331.4
Minnesota Twins,94085000,66,96,0.407,27,2012,13,-14,-15,-3936906.4
New York Mets,93353983,74,88,0.457,21,2012,14,-7,-7,-4667923.4
Chicago Cubs,88197033,61,101,0.377,29,2012,15,-14,-20,-9824873.4
Atlanta Braves,83309942,94,68,0.58,4,2012,16,12,13,-14711964.4
Cincinnati Reds,82203616,97,65,0.599,2,2012,17,15,16,-15818290.4
San Francisco Giants,81978100,94,68,0.58,5,2012,18,13,13,-16043806.4
Baltimore Orioles,81428999,93,69,0.574,8,2012,19,11,12,-16592907.4
Washington Nationals,81336143,98,64,0.605,1,2012,20,19,17,-16685763.4
Cleveland Guardians,78430300,68,94,0.42,26,2012,21,-5,-13,-19591606.4
Colorado Rockies,78069571,64,98,0.395,28,2012,22,-6,-17,-19952335.4
Toronto Blue Jays,75489200,73,89,0.451,22,2012,23,1,-8,-22532706.4
Arizona Diamondbacks,74284833,81,81,0.5,16,2012,24,8,0,-23737073.4
Tampa Bay Rays,64173500,90,72,0.556,9,2012,25,16,9,-33848406.4
Pittsburgh Pirates,63431999,79,83,0.488,18,2012,26,8,-2,-34589907.4
Kansas City Royals,60916225,72,90,0.444,23,2012,27,4,-9,-37105681.4
Houston Astros,60651000,55,107,0.34,30,2012,28,-2,-26,-37370906.4
Oakland Athletics,55372500,94,68,0.58,6,2012,29,23,13,-42649406.4
San Diego Padres,55244700,76,86,0.469,19,2012,30,11,-5,-42777206.4
New York Yankees,206333389,95,67,0.586,3,2013,1,-2,14,115313332.8
Boston Red Sox,162747333,89,73,0.549,10,2013,2,-8,8,71727276.83
Chicago Cubs,146859000,75,87,0.463,23,2013,3,-20,-6,55838943.83
Philadelphia Phillies,141927381,97,65,0.599,1,2013,4,3,16,50907324.83
New York Mets,132701445,79,83,0.488,20,2013,5,-15,-2,41681388.83
Detroit Tigers,122864929,81,81,0.5,16,2013,6,-10,0,31844872.83
Chicago White Sox,108273197,88,74,0.543,11,2013,7,-4,7,17253140.83
Los Angeles Angels,105013667,80,82,0.494,17,2013,8,-9,-1,13993610.83
Seattle Mariners,98376667,61,101,0.377,29,2013,9,-20,-20,7356610.833
San Francisco Giants,97828833,92,70,0.568,5,2013,10,5,11,6808776.833
Minnesota Twins,97559167,94,68,0.58,4,2013,11,7,13,6539110.833
Los Angeles Dodgers,94945517,80,82,0.494,19,2013,12,-7,-1,3925460.833
St. Louis Cardinals,93540753,86,76,0.531,12,2013,13,1,5,2520696.833
Houston Astros,92355500,76,86,0.469,22,2013,14,-8,-5,1335443.833
Atlanta Braves,84423667,91,71,0.562,6,2013,15,9,10,-6596389.167
Colorado Rockies,84227000,83,79,0.512,14,2013,16,2,2,-6793056.167
Baltimore Orioles,81612500,66,96,0.407,27,2013,17,-10,-15,-9407556.167
Milwaukee Brewers,81108279,77,85,0.475,21,2013,18,-3,-4,-9911777.167
Cincinnati Reds,72386544,91,71,0.562,7,2013,19,12,10,-18633512.17
Kansas City Royals,72267710,67,95,0.414,26,2013,20,-6,-14,-18752346.17
Tampa Bay Rays,71923471,96,66,0.593,2,2013,21,19,15,-19096585.17
Toronto Blue Jays,62689357,85,77,0.525,13,2013,22,9,4,-28330699.17
Washington Nationals,61425000,69,93,0.426,24,2013,23,-1,-12,-29595056.17
Cleveland Guardians,61203967,69,93,0.426,25,2013,24,-1,-12,-29816089.17
Arizona Diamondbacks,60718167,65,97,0.401,28,2013,25,-3,-16,-30301889.17
Miami Marlins,55641500,80,82,0.494,18,2013,26,8,-1,-35378556.17
Texas Rangers,55250545,90,72,0.556,9,2013,27,18,9,-35769511.17
Oakland Athletics,51654900,81,81,0.5,15,2013,28,13,0,-39365156.17
San Diego Padres,37799300,90,72,0.556,8,2013,29,21,9,-53220756.17
Pittsburgh Pirates,34943000,57,105,0.352,30,2013,30,0,-24,-56077056.17
Los Angeles Dodgers,235295219,94,68,0.58,4,2014,1,-3,13,120163205.8
New York Yankees,203812506,84,78,0.519,13,2014,2,-11,3,88680492.77
Philadelphia Phillies,180052723,73,89,0.451,23,2014,3,-20,-8,64920709.77
Boston Red Sox,162817411,71,91,0.438,25,2014,4,-21,-10,47685397.77
Detroit Tigers,162228527,90,72,0.556,6,2014,5,-1,9,47096513.77
Los Angeles Angels,155692000,98,64,0.605,1,2014,6,5,17,40559986.77
San Francisco Giants,154185878,88,74,0.543,8,2014,7,-1,7,39053864.77
Texas Rangers,136036172,67,95,0.414,28,2014,8,-20,-14,20904158.77
Washington Nationals,134704437,96,66,0.593,2,2014,9,7,15,19572423.77
Toronto Blue Jays,132628700,83,79,0.512,14,2014,10,-4,2,17496686.77
Arizona Diamondbacks,112688666,64,98,0.395,30,2014,11,-19,-17,-2443347.233
Cincinnati Reds,112390772,76,86,0.469,21,2014,12,-9,-5,-2741241.233
St. Louis Cardinals,111020360,90,72,0.556,5,2014,13,8,9,-4111653.233
Atlanta Braves,110897341,79,83,0.488,17,2014,14,-3,-2,-4234672.233
Baltimore Orioles,107406623,96,66,0.593,3,2014,15,12,15,-7725390.233
Milwaukee Brewers,103844806,82,80,0.506,15,2014,16,1,1,-11287207.23
Colorado Rockies,95832071,66,96,0.407,29,2014,17,-12,-15,-19299942.23
Seattle Mariners,92081943,87,75,0.537,11,2014,18,7,6,-23050070.23
Kansas City Royals,92034345,89,73,0.549,7,2014,19,12,8,-23097668.23
Chicago White Sox,91159254,73,89,0.451,24,2014,20,-4,-8,-23972759.23
San Diego Padres,90094196,77,85,0.475,20,2014,21,1,-4,-25037817.23
New York Mets,89051758,79,83,0.488,16,2014,22,6,-2,-26080255.23
Chicago Cubs,89007857,73,89,0.451,22,2014,23,1,-8,-26124156.23
Minnesota Twins,85776500,70,92,0.432,27,2014,24,-3,-11,-29355513.23
Oakland Athletics,83401400,88,74,0.543,10,2014,25,15,7,-31730613.23
Cleveland Guardians,82534800,85,77,0.525,12,2014,26,14,4,-32597213.23
Pittsburgh Pirates,78111667,88,74,0.543,9,2014,27,18,7,-37020346.23
Tampa Bay Rays,77062891,77,85,0.475,18,2014,28,10,-4,-38069122.23
Miami Marlins,47565400,77,85,0.475,19,2014,29,10,-4,-67566613.23
Houston Astros,44544174,70,92,0.432,26,2014,30,4,-11,-70587839.23
Los Angeles Dodgers,230352402,92,70,0.568,6,2015,1,-5,11.03333333,108409583.9
New York Yankees,213472857,87,75,0.537,9,2015,2,-7,6.033333333,91530038.93
Washington Nationals,174510977,83,79,0.512,13,2015,3,-10,2.033333333,52568158.93
Detroit Tigers,172792250,74,87,0.46,22,2015,4,-18,-6.966666667,50849431.93
Boston Red Sox,168691914,78,84,0.481,19,2015,5,-14,-2.966666667,46749095.93
San Francisco Giants,166495942,84,78,0.519,12,2015,6,-6,3.033333333,44553123.93
Los Angeles Angels,146449583,85,77,0.525,11,2015,7,-4,4.033333333,24506764.93
Texas Rangers,144816873,88,74,0.543,8,2015,8,0,7.033333333,22874054.93
Philadelphia Phillies,133048000,63,99,0.389,30,2015,9,-21,-17.96666667,11105181.93
San Diego Padres,126619628,74,88,0.457,23,2015,10,-13,-6.966666667,4676809.933
Seattle Mariners,123225842,76,86,0.469,20,2015,11,-9,-4.966666667,1283023.933
St. Louis Cardinals,120301957,100,62,0.617,1,2015,12,11,19.03333333,-1640861.067
Baltimore Orioles,118862632,81,81,0.5,16,2015,13,-3,0.033333333,-3080186.067
Cincinnati Reds,117732284,64,98,0.395,29,2015,14,-15,-16.96666667,-4210534.067
Chicago Cubs,117164522,97,65,0.599,3,2015,15,12,16.03333333,-4778296.067
Toronto Blue Jays,116415800,93,69,0.574,5,2015,16,11,12.03333333,-5527018.067
Kansas City Royals,112914525,95,67,0.586,4,2015,17,13,14.03333333,-9028293.067
Chicago White Sox,110712866,76,86,0.469,21,2015,18,-3,-4.966666667,-11229952.07
Minnesota Twins,108262000,83,79,0.512,14,2015,19,5,2.033333333,-13680818.07
New York Mets,100133953,90,72,0.556,7,2015,20,13,9.033333333,-21808865.07
Milwaukee Brewers,98683035,68,94,0.42,25,2015,21,-4,-12.96666667,-23259783.07
Colorado Rockies,98261171,68,94,0.42,26,2015,22,-4,-12.96666667,-23681647.07
Atlanta Braves,89622648,67,95,0.414,28,2015,23,-5,-13.96666667,-32320170.07
Cleveland Guardians,87746766,81,80,0.503,15,2015,24,9,0.033333333,-34196052.07
Pittsburgh Pirates,85885832,98,64,0.605,2,2015,25,23,17.03333333,-36056986.07
Miami Marlins,84637500,71,91,0.438,24,2015,26,2,-9.966666667,-37305318.07
Oakland Athletics,80786666,68,94,0.42,27,2015,27,0,-12.96666667,-41156152.07
Tampa Bay Rays,74849584,80,82,0.494,17,2015,28,11,-0.966666667,-47093234.07
Houston Astros,69064200,86,76,0.531,10,2015,29,19,5.033333333,-52878618.07
Arizona Diamondbacks,65770333,79,83,0.488,18,2015,30,12,-1.966666667,-56172485.07
Los Angeles Dodgers,253639162,91,71,0.562,6,2016,1,-5,10.1,122377732.1
New York Yankees,227854349,84,78,0.519,15,2016,2,-13,3.1,96592919.1
Boston Red Sox,199864178,93,69,0.574,5,2016,3,-2,12.1,68602748.1
Detroit Tigers,199525500,86,75,0.534,11,2016,4,-7,5.1,68264070.1
San Francisco Giants,171464943,87,75,0.537,9,2016,5,-4,6.1,40203513.1
Chicago Cubs,167444167,103,58,0.64,1,2016,6,5,22.1,36182737.1
Los Angeles Angels,166831190,74,88,0.457,21,2016,7,-14,-6.9,35569760.1
Texas Rangers,161246720,95,67,0.586,3,2016,8,5,14.1,29985290.1
St. Louis Cardinals,149186000,86,76,0.531,13,2016,9,-4,5.1,17924570.1
Baltimore Orioles,147943713,89,73,0.549,7,2016,10,3,8.1,16682283.1
Washington Nationals,146686385,95,67,0.586,2,2016,11,9,14.1,15424955.1
Seattle Mariners,144996858,86,76,0.531,12,2016,12,0,5.1,13735428.1
Toronto Blue Jays,140582027,89,73,0.549,8,2016,13,5,8.1,9320597.1
Kansas City Royals,137606125,81,81,0.5,16,2016,14,-2,0.1,6344695.1
New York Mets,130612115,87,75,0.537,10,2016,15,5,6.1,-649314.9
Chicago White Sox,115998667,78,84,0.481,19,2016,16,-3,-2.9,-15262762.9
Colorado Rockies,113242571,75,87,0.463,20,2016,17,-3,-5.9,-18018858.9
Minnesota Twins,104591200,59,103,0.364,30,2016,18,-12,-21.9,-26670229.9
Philadelphia Phillies,103346668,71,91,0.438,23,2016,19,-4,-9.9,-27914761.9
San Diego Padres,100547000,68,94,0.42,29,2016,20,-9,-12.9,-30714429.9
Pittsburgh Pirates,99960499,78,83,0.484,18,2016,21,3,-2.9,-31300930.9
Arizona Diamondbacks,98657436,69,93,0.426,25,2016,22,-3,-11.9,-32603993.9
Cleveland Guardians,98006899,94,67,0.584,4,2016,23,19,13.1,-33254530.9
Houston Astros,96643000,84,78,0.519,14,2016,24,10,3.1,-34618429.9
Cincinnati Reds,93171452,68,94,0.42,28,2016,25,-3,-12.9,-38089977.9
Oakland Athletics,85823390,69,93,0.426,24,2016,26,2,-11.9,-45438039.9
Atlanta Braves,84821541,68,93,0.422,26,2016,27,1,-12.9,-46439888.9
Miami Marlins,70464500,79,82,0.491,17,2016,28,11,-1.9,-60796929.9
Tampa Bay Rays,64120323,68,94,0.42,27,2016,29,2,-12.9,-67141106.9
Milwaukee Brewers,62964319,73,89,0.451,22,2016,30,8,-7.9,-68297110.9
Los Angeles Dodgers,187989811,104,58,0.642,1,2017,1,0,23,58713676.17
Detroit Tigers,180250600,64,98,0.395,29,2017,2,-27,-17,50974465.17
Texas Rangers,178431396,78,84,0.481,16,2017,3,-13,-3,49155261.17
San Francisco Giants,176531278,64,98,0.395,30,2017,4,-26,-17,47255143.17
New York Mets,176284679,70,92,0.432,25,2017,5,-20,-11,47008544.17
Boston Red Sox,174287098,93,69,0.574,6,2017,6,0,12,45010963.17
New York Yankees,170389199,91,71,0.562,8,2017,7,-1,10,41113064.17
Chicago Cubs,170088502,92,70,0.568,7,2017,8,1,11,40812367.17
Washington Nationals,162742157,97,65,0.599,4,2017,9,5,16,33466022.17
Toronto Blue Jays,162353367,76,86,0.469,19,2017,10,-9,-5,33077232.17
Baltimore Orioles,161684185,75,87,0.463,20,2017,11,-9,-6,32408050.17
Seattle Mariners,155207720,78,84,0.481,17,2017,12,-5,-3,25931585.17
St. Louis Cardinals,146630000,83,79,0.512,12,2017,13,1,2,17353865.17
Los Angeles Angels,143965833,80,82,0.494,15,2017,14,-1,-1,14689698.17
Atlanta Braves,137339527,72,90,0.444,23,2017,15,-8,-9,8063392.167
Kansas City Royals,132091916,80,82,0.494,13,2017,16,3,-1,2815781.167
Houston Astros,127443900,101,61,0.623,3,2017,17,14,20,-1832234.833
Cleveland Guardians,115991166,102,60,0.63,2,2017,18,16,21,-13284968.83
Miami Marlins,115348302,77,85,0.475,18,2017,19,1,-4,-13927832.83
Chicago White Sox,109591167,67,95,0.414,27,2017,20,-7,-14,-19684967.83
Colorado Rockies,101513571,87,75,0.537,9,2017,21,12,6,-27762563.83
Minnesota Twins,100787500,85,77,0.525,11,2017,22,11,4,-28488634.83
Pittsburgh Pirates,94637833,75,87,0.463,22,2017,23,1,-6,-34638301.83
Arizona Diamondbacks,90730499,93,69,0.574,5,2017,24,19,12,-38545635.83
Philadelphia Phillies,87418378,66,96,0.407,28,2017,25,-3,-15,-41857756.83
Cincinnati Reds,82375785,68,94,0.42,26,2017,26,0,-13,-46900349.83
Oakland Athletics,70601667,75,87,0.463,21,2017,27,6,-6,-58674467.83
Tampa Bay Rays,69982520,80,82,0.494,14,2017,28,14,-1,-59293614.83
Milwaukee Brewers,61020089,86,76,0.531,10,2017,29,19,5,-68256045.83
San Diego Padres,34574400,71,91,0.438,24,2017,30,6,-10,-94701734.83
Boston Red Sox,235649368,108,54,0.667,1,2018,1,0,26.96666667,97614646.83
San Francisco Giants,208509901,73,89,0.451,21,2018,2,-19,-8.033333333,70475179.83
Los Angeles Dodgers,186138211,92,71,0.564,7,2018,3,-4,10.96666667,48103489.83
Chicago Cubs,183463459,95,68,0.583,6,2018,4,-2,13.96666667,45428737.83
Washington Nationals,181586759,82,80,0.506,16,2018,5,-11,0.966666667,43552037.83
Los Angeles Angels,174592209,80,82,0.494,17,2018,6,-11,-1.033333333,36557487.83
New York Yankees,168541038,100,62,0.617,3,2018,7,4,18.96666667,30506316.83
Toronto Blue Jays,162664502,73,89,0.451,22,2018,8,-14,-8.033333333,24629780.83
Seattle Mariners,162480174,89,73,0.549,12,2018,9,-3,7.966666667,24445452.83
St. Louis Cardinals,161005146,88,74,0.543,13,2018,10,-3,6.966666667,22970424.83
Houston Astros,159529730,103,59,0.636,2,2018,11,9,21.96666667,21495008.83
New York Mets,155765125,77,85,0.475,20,2018,12,-8,-4.033333333,17730403.83
Texas Rangers,144498078,67,95,0.414,23,2018,13,-10,-14.03333333,6463356.833
Baltimore Orioles,143600045,47,115,0.29,30,2018,14,-16,-34.03333333,5565323.833
Colorado Rockies,141339833,91,72,0.558,9,2018,15,6,9.966666667,3305111.833
Cleveland Guardians,137346173,91,71,0.562,8,2018,16,8,9.966666667,-688548.1667
Arizona Diamondbacks,132495446,82,80,0.506,15,2018,17,2,0.966666667,-5539275.167
Minnesota Twins,131374996,78,84,0.481,19,2018,18,-1,-3.033333333,-6659725.167
Kansas City Royals,129967987,58,104,0.358,29,2018,19,-10,-23.03333333,-8066734.167
Detroit Tigers,129917192,64,98,0.395,26,2018,20,-6,-17.03333333,-8117529.167
Atlanta Braves,120542785,90,72,0.556,11,2018,21,10,8.966666667,-17491936.17
Cincinnati Reds,101185579,67,95,0.414,24,2018,22,-2,-14.03333333,-36849142.17
Miami Marlins,98826644,63,98,0.391,27,2018,23,-4,-18.03333333,-39208077.17
Philadelphia Phillies,96848371,80,82,0.494,18,2018,24,6,-1.033333333,-41186350.17
San Diego Padres,96131798,66,96,0.407,25,2018,25,0,-15.03333333,-41902923.17
Milwaukee Brewers,90237112,96,67,0.589,5,2018,26,21,14.96666667,-47797609.17
Pittsburgh Pirates,87860654,82,79,0.509,14,2018,27,13,0.966666667,-50174067.17
Tampa Bay Rays,78231049,90,72,0.556,10,2018,28,18,8.966666667,-59803672.17
Chicago White Sox,72177640,62,100,0.383,28,2018,29,1,-19.03333333,-65857081.17
Oakland Athletics,68534631,97,65,0.599,4,2018,30,26,15.96666667,-69500090.17
Boston Red Sox,222171123,84,78,0.519,15,2019,1,-14,3.033333333,88575473.67
Chicago Cubs,210358488,84,78,0.519,14,2019,2,-12,3.033333333,76762838.67
New York Yankees,208084848,103,59,0.636,3,2019,3,0,22.03333333,74489198.67
Los Angeles Dodgers,196729548,106,56,0.654,2,2019,4,2,25.03333333,63133898.67
San Francisco Giants,178286222,77,85,0.475,18,2019,5,-13,-3.966666667,44690572.67
St. Louis Cardinals,162830430,91,71,0.562,10,2019,6,-4,10.03333333,29234780.67
Washington Nationals,161877935,93,69,0.574,9,2019,7,-2,12.03333333,28282285.67
Houston Astros,160774666,107,55,0.66,1,2019,8,7,26.03333333,27179016.67
Los Angeles Angels,159378583,72,90,0.444,21,2019,9,-12,-8.966666667,25782933.67
New York Mets,158999270,86,76,0.531,12,2019,10,-2,5.033333333,25403620.67
Seattle Mariners,150906143,68,94,0.42,25,2019,11,-14,-12.96666667,17310493.67
Colorado Rockies,147433009,71,91,0.438,22,2019,12,-10,-9.966666667,13837359.67
Philadelphia Phillies,140711962,81,81,0.5,16,2019,13,-3,0.033333333,7116312.667
Texas Rangers,127660652,78,84,0.481,17,2019,14,-3,-2.966666667,-5934997.333
Cincinnati Reds,126423214,75,87,0.463,19,2019,15,-4,-5.966666667,-7172435.333
Milwaukee Brewers,124755400,89,73,0.549,11,2019,16,5,8.033333333,-8840249.333
Arizona Diamondbacks,123932983,85,77,0.525,13,2019,17,4,4.033333333,-9662666.333
Minnesota Twins,121276933,101,61,0.623,4,2019,18,14,20.03333333,-12318716.33
Cleveland Guardians,119241701,93,69,0.574,8,2019,19,11,12.03333333,-14353948.33
Detroit Tigers,116478400,47,114,0.292,30,2019,20,-10,-33.96666667,-17117249.33
Atlanta Braves,113778369,97,65,0.599,5,2019,21,16,16.03333333,-19817280.33
Toronto Blue Jays,112037006,67,95,0.414,26,2019,22,-4,-13.96666667,-21558643.33
Kansas City Royals,100658316,59,103,0.364,27,2019,23,-4,-21.96666667,-32937333.33
San Diego Padres,99205017,70,92,0.432,23,2019,24,1,-10.96666667,-34390632.33
Oakland Athletics,92318333,97,65,0.599,6,2019,25,19,16.03333333,-41277316.33
Chicago White Sox,89354534,72,89,0.447,20,2019,26,6,-8.966666667,-44241115.33
Pittsburgh Pirates,76589154,69,93,0.426,24,2019,27,3,-11.96666667,-57006495.33
Baltimore Orioles,72722906,54,108,0.333,29,2019,28,-1,-26.96666667,-60872743.33
Miami Marlins,72449404,57,105,0.352,28,2019,29,1,-23.96666667,-61146245.33
Tampa Bay Rays,60444931,96,66,0.593,7,2019,30,23,15.03333333,-73150718.33
New York Yankees,214291339,33,27,0.55,10,2020,1,-9,3.066666667,89766044.5
Houston Astros,212321933,29,31,0.483,17,2020,2,-15,-0.933333333,87796638.5
Los Angeles Dodgers,189065000,43,17,0.717,1,2020,3,2,13.06666667,64539705.5
Chicago Cubs,188959500,34,26,0.567,9,2020,4,-5,4.066666667,64434205.5
Los Angeles Angels,176329344,26,34,0.433,23,2020,5,-18,-3.933333333,51804049.5
St. Louis Cardinals,160781766,30,28,0.517,12,2020,6,-6,0.066666667,36256471.5
Washington Nationals,159242411,26,34,0.433,21,2020,7,-14,-3.933333333,34717116.5
Philadelphia Phillies,152877962,28,32,0.467,18,2020,8,-10,-1.933333333,28352667.5
Atlanta Braves,149466875,35,25,0.583,6,2020,9,3,5.066666667,24941580.5
San Francisco Giants,144994027,29,31,0.483,15,2020,10,-5,-0.933333333,20468732.5
Cincinnati Reds,143143673,31,29,0.517,13,2020,11,-2,1.066666667,18618378.5
New York Mets,142288337,26,34,0.433,24,2020,12,-12,-3.933333333,17763042.5
San Diego Padres,140317600,37,23,0.617,3,2020,13,10,7.066666667,15792305.5
Texas Rangers,137834500,22,38,0.367,29,2020,14,-15,-7.933333333,13309205.5
Colorado Rockies,136399833,26,34,0.433,20,2020,15,-5,-3.933333333,11874538.5
Minnesota Twins,127610333,36,24,0.6,5,2020,16,11,6.066666667,3085038.5
Chicago White Sox,120898499,35,25,0.583,7,2020,17,10,5.066666667,-3626795.5
Boston Red Sox,120361000,24,36,0.4,27,2020,18,-9,-5.933333333,-4164294.5
Milwaukee Brewers,97535926,29,31,0.483,16,2020,19,3,-0.933333333,-26989368.5
Detroit Tigers,96832300,23,35,0.397,28,2020,20,-8,-6.933333333,-27692994.5
Oakland Athletics,94318433,36,24,0.6,4,2020,21,17,6.066666667,-30206861.5
Toronto Blue Jays,92582371,32,28,0.533,11,2020,22,11,2.066666667,-31942923.5
Cleveland Guardians,89004234,35,25,0.583,8,2020,23,15,5.066666667,-35521060.5
Arizona Diamondbacks,86471066,25,35,0.417,25,2020,24,-1,-4.933333333,-38054228.5
Kansas City Royals,83278225,26,34,0.433,22,2020,25,3,-3.933333333,-41247069.5
Seattle Mariners,70343800,27,33,0.45,19,2020,26,7,-2.933333333,-54181494.5
Tampa Bay Rays,65812166,40,20,0.667,2,2020,27,25,10.06666667,-58713128.5
Baltimore Orioles,52415682,25,35,0.417,26,2020,28,2,-4.933333333,-72109612.5
Miami Marlins,47861700,31,29,0.517,14,2020,29,15,1.066666667,-76663594.5
Pittsburgh Pirates,42119000,19,41,0.317,30,2020,30,0,-10.93333333,-82406294.5
Los Angeles Dodgers,241372403,106,56,0.654,2,2021,1,-1,25.03333333,113867502.1
New York Yankees,201074956,92,70,0.568,8,2021,2,-6,11.03333333,73570055.13
New York Mets,186001814,77,85,0.475,20,2021,3,-17,-3.966666667,58496913.13
Los Angeles Angels,180609676,77,85,0.475,18,2021,4,-14,-3.966666667,53104775.13
Washington Nationals,179557685,65,97,0.401,26,2021,5,-21,-15.96666667,52052784.13
Boston Red Sox,179540260,92,70,0.568,7,2021,6,-1,11.03333333,52035359.13
Houston Astros,176495417,95,67,0.586,4,2021,7,3,14.03333333,48990516.13
San Diego Padres,175713986,79,83,0.488,17,2021,8,-9,-1.966666667,48209085.13
Philadelphia Phillies,174808832,82,80,0.506,15,2021,9,-6,1.033333333,47303931.13
St. Louis Cardinals,164972833,90,72,0.556,10,2021,10,0,9.033333333,37467932.13
Chicago Cubs,156481585,71,91,0.438,24,2021,11,-13,-9.966666667,28976684.13
San Francisco Giants,149937613,107,55,0.66,1,2021,12,11,26.03333333,22432712.13
Toronto Blue Jays,139646569,91,71,0.562,9,2021,13,4,10.03333333,12141668.13
Atlanta Braves,132458375,88,73,0.547,12,2021,14,2,7.033333333,4953474.133
Chicago White Sox,127148334,93,69,0.574,6,2021,15,9,12.03333333,-356566.8667
Minnesota Twins,125153166,73,89,0.451,23,2021,16,-7,-7.966666667,-2351734.867
Cincinnati Reds,123575488,83,79,0.512,14,2021,17,3,2.033333333,-3929412.867
Colorado Rockies,110309500,74,87,0.46,21,2021,18,-3,-6.966666667,-17195400.87
Texas Rangers,97796971,60,102,0.37,28,2021,19,-9,-20.96666667,-29707929.87
Arizona Diamondbacks,94394792,52,110,0.321,30,2021,20,-10,-28.96666667,-33110108.87
Milwaukee Brewers,93818038,95,67,0.586,5,2021,21,16,14.03333333,-33686862.87
Kansas City Royals,89496700,74,88,0.457,22,2021,22,0,-6.966666667,-38008200.87
Seattle Mariners,83603100,90,72,0.556,11,2021,23,12,9.033333333,-43901800.87
Oakland Athletics,82983674,86,76,0.531,13,2021,24,11,5.033333333,-44521226.87
Detroit Tigers,80866200,77,85,0.475,19,2021,25,6,-3.966666667,-46638700.87
Tampa Bay Rays,66820709,100,62,0.617,3,2021,26,23,19.03333333,-60684191.87
Miami Marlins,57481750,67,95,0.414,25,2021,27,2,-13.96666667,-70023150.87
Baltimore Orioles,56158500,52,110,0.321,29,2021,28,-1,-28.96666667,-71346400.87
Cleveland Guardians,51269100,80,82,0.494,16,2021,29,13,-0.966666667,-76235800.87
Pittsburgh Pirates,45599000,61,101,0.377,27,2021,30,3,-19.96666667,-81905900.87
Los Angeles Dodgers,285508333,111,51,0.685,1,2022,1,0,30,145475392
New York Mets,255919999,101,61,0.623,4,2022,2,-2,20,115887058
New York Yankees,240290714,99,63,0.611,5,2022,3,-2,18,100257773
Philadelphia Phillies,221738462,87,75,0.537,11,2022,4,-7,6,81705521
San Diego Padres,202172618,89,73,0.549,10,2022,5,-5,8,62139677
Boston Red Sox,201616000,78,84,0.481,18,2022,6,-12,-3,61583059
Chicago White Sox,190760734,81,81,0.5,16,2022,7,-9,0,50727793
Los Angeles Angels,187613094,73,89,0.451,21,2022,8,-13,-8,47580153
Atlanta Braves,175335000,101,61,0.623,3,2022,9,6,20,35302059
Houston Astros,171639599,106,56,0.654,2,2022,10,8,25,31606658
Toronto Blue Jays,164470905,92,70,0.568,8,2022,11,3,11,24437964
St. Louis Cardinals,150746666,93,69,0.574,6,2022,12,6,12,10713725
San Francisco Giants,142292500,81,81,0.5,15,2022,13,-2,0,2259559
Chicago Cubs,141810000,74,88,0.457,20,2022,14,-6,-7,1777059
Colorado Rockies,137852166,68,94,0.42,23,2022,15,-8,-13,-2180775
Texas Rangers,134961333,68,94,0.42,24,2022,16,-8,-13,-5071608
Minnesota Twins,130984524,78,84,0.481,17,2022,17,0,-3,-9048417
Detroit Tigers,128640000,66,96,0.407,25,2022,18,-7,-15,-11392941
Milwaukee Brewers,128581128,86,76,0.531,13,2022,19,6,5,-11451813
Washington Nationals,114623095,55,107,0.34,30,2022,20,-10,-26,-25409846
Cincinnati Reds,113580000,62,100,0.383,27,2022,21,-6,-19,-26452941
Seattle Mariners,92745714,90,72,0.556,9,2022,22,13,9,-47287227
Kansas City Royals,84610000,65,97,0.401,26,2022,23,-3,-16,-55422941
Miami Marlins,79500000,69,93,0.426,22,2022,24,2,-12,-60532941
Arizona Diamondbacks,77393333,74,88,0.457,19,2022,25,6,-7,-62639608
Tampa Bay Rays,75347813,86,76,0.531,12,2022,26,14,5,-64685128
Cleveland Guardians,57710000,92,70,0.568,7,2022,27,20,11,-82322941
Baltimore Orioles,41421166,83,79,0.512,14,2022,28,14,2,-98611775
Pittsburgh Pirates,38575000,62,100,0.383,28,2022,29,1,-19,-101457941
Oakland Athletics,32548334,60,102,0.37,29,2022,30,1,-21,-107484607
New York Mets,334233332,75,87,0.463,23,2023,1,-22,-6,185852857.7
New York Yankees,268954047,82,80,0.506,15,2023,2,-13,1,120573572.7
San Diego Padres,236962024,82,80,0.506,16,2023,3,-13,1,88581549.73
Philadelphia Phillies,232424939,90,72,0.556,8,2023,4,-4,9,84044464.73
Los Angeles Dodgers,217612634,100,62,0.617,3,2023,5,2,19,69232159.73
Toronto Blue Jays,205680777,89,73,0.549,9,2023,6,-3,8,57300302.73
Los Angeles Angels,204088094,73,89,0.451,24,2023,7,-17,-8,55707619.73
Atlanta Braves,193477500,104,58,0.642,1,2023,8,7,23,45097025.73
Texas Rangers,183578160,90,72,0.556,6,2023,9,3,9,35197685.73
Houston Astros,180888333,90,72,0.556,7,2023,10,3,9,32507858.73
San Francisco Giants,175590000,79,83,0.488,18,2023,11,-7,-2,27209525.73
Chicago White Sox,174911666,61,101,0.377,27,2023,12,-15,-20,26531191.73
Chicago Cubs,170365000,83,79,0.512,14,2023,13,-1,2,21984525.73
Boston Red Sox,167533182,78,84,0.481,20,2023,14,-6,-3,19152707.73
Colorado Rockies,166250466,59,103,0.364,28,2023,15,-13,-22,17869991.73
St. Louis Cardinals,147770834,71,91,0.438,25,2023,16,-9,-10,-609640.2667
Minnesota Twins,141271190,87,75,0.537,11,2023,17,6,6,-7109284.267
Seattle Mariners,129814047,88,74,0.543,10,2023,18,8,7,-18566427.27
Milwaukee Brewers,108644960,92,70,0.568,5,2023,19,14,11,-39735514.27
Detroit Tigers,105338500,78,84,0.481,19,2023,20,1,-3,-43041974.27
Arizona Diamondbacks,103763571,84,78,0.519,12,2023,21,9,3,-44616903.27
Miami Marlins,81075000,84,78,0.519,13,2023,22,9,3,-67305474.27
Washington Nationals,78983095,71,91,0.438,26,2023,23,-3,-10,-69397379.27
Kansas City Royals,75825000,56,106,0.346,29,2023,24,-5,-25,-72555474.27
Cleveland Guardians,75010000,76,86,0.469,22,2023,25,3,-5,-73370474.27
Cincinnati Reds,70624500,82,80,0.506,17,2023,26,9,1,-77755974.27
Tampa Bay Rays,64652911,99,63,0.611,4,2023,27,23,18,-83727563.27
Pittsburgh Pirates,60787500,76,86,0.469,21,2023,28,7,-5,-87592974.27
Baltimore Orioles,52157966,101,61,0.623,2,2023,29,27,20,-96222508.27
Oakland Athletics,43145000,50,112,0.309,30,2023,30,0,-31,-105235474.3
